<?xml version="1.0" encoding="UTF-8"?>
<project-private xmlns="http://www.netbeans.org/ns/project-private/1">
    <editor-bookmarks xmlns="http://www.netbeans.org/ns/editor-bookmarks/2" lastBookmarkId="0"/>
    <open-files xmlns="http://www.netbeans.org/ns/projectui-open-files/2">
        <group>
            <file>file:/D:/University/JavaWeb/web-asm/game-seller/prj/web/index.jsp</file>
            <file>file:/D:/University/JavaWeb/web-asm/game-seller/prj/web/WEB-INF/layout/main.jsp</file>
            <file>file:/D:/University/JavaWeb/web-asm/game-seller/prj/web/WEB-INF/views/admin/manage-product.jsp</file>
            <file>file:/D:/University/JavaWeb/web-asm/game-seller/prj/web/WEB-INF/views/home/shop-details.jsp</file>
            <file>file:/D:/University/JavaWeb/web-asm/game-seller/prj/src/java/FrontController/FrontController.java</file>
            <file>file:/D:/University/JavaWeb/web-asm/game-seller/prj/src/java/WebpageControllers/UserController.java</file>
            <file>file:/D:/University/JavaWeb/web-asm/game-seller/prj/web/WEB-INF/layout/header.jsp</file>
            <file>file:/D:/University/JavaWeb/web-asm/game-seller/prj/src/java/WebpageControllers/HomeController.java</file>
        </group>
    </open-files>
</project-private>
